-- BookHub Sample Data for Models Migration
-- This file contains comprehensive sample data that matches the models.py structure
-- Each table has at least 10 records for better testing

-- Insert CustomUsers - password: 123456789@za
INSERT INTO book_customuser (id, username, first_name, last_name, email, is_staff, is_active, is_superuser, date_joined, password, phone, address, province, postal_code) VALUES
(10, 'admin', 'Admin', 'System', 'admin@bookhub.com', true, true, true, '2025-01-01 00:00:00', 'pbkdf2_sha256$1000000$2Ke79T51Wwh3p492ZJ3AaI$sML7HagBRHvVOhYFA4UIJmnBpNFiLQeVP/OOxJ+otQM=', '02-123-4567', '456 ถนนสีลม แขวงสีลม เขตบางรัก', 'กรุงเทพมหานคร', '10500'),
(11, 'somchai', 'สมชาย', 'ใจดี', 'somchai@email.com', false, true, false, '2025-01-02 00:00:00', 'pbkdf2_sha256$1000000$2Ke79T51Wwh3p492ZJ3AaI$sML7HagBRHvVOhYFA4UIJmnBpNFiLQeVP/OOxJ+otQM=', '081-234-5678', '123 ถนนพระราม 4 แขวงสีลม เขตบางรัก', 'กรุงเทพมหานคร', '10500'),
(12, 'suda', 'สุดา', 'สวยงาม', 'suda@email.com', false, true, false, '2025-01-03 00:00:00', 'pbkdf2_sha256$1000000$2Ke79T51Wwh3p492ZJ3AaI$sML7HagBRHvVOhYFA4UIJmnBpNFiLQeVP/OOxJ+otQM=', '081-345-6789', '789 ถนนสุขุมวิท แขวงคลองตัน เขตคลองตัน', 'กรุงเทพมหานคร', '10110'),
(13, 'niran', 'นิรันดร์', 'รักเรียน', 'niran@email.com', false, true, false, '2025-01-04 00:00:00', 'pbkdf2_sha256$1000000$2Ke79T51Wwh3p492ZJ3AaI$sML7HagBRHvVOhYFA4UIJmnBpNFiLQeVP/OOxJ+otQM=', '081-456-7890', '321 ถนนลาดพร้าว แขวงจอมพล เขตจตุจักร', 'กรุงเทพมหานคร', '10900'),
(14, 'mana', 'มานะ', 'ขยันหมั่นเพียร', 'mana@email.com', true, true, false, '2025-01-05 00:00:00', 'pbkdf2_sha256$1000000$2Ke79T51Wwh3p492ZJ3AaI$sML7HagBRHvVOhYFA4UIJmnBpNFiLQeVP/OOxJ+otQM=', '081-567-8901', '654 ถนนเพชรบุรี แขวงมักกะสัน เขตราชเทวี', 'กรุงเทพมหานคร', '10400'),
(15, 'wanida', 'วนิดา', 'รักการอ่าน', 'wanida@email.com', false, true, false, '2025-01-06 00:00:00', 'pbkdf2_sha256$1000000$2Ke79T51Wwh3p492ZJ3AaI$sML7HagBRHvVOhYFA4UIJmnBpNFiLQeVP/OOxJ+otQM=', '082-123-4567', '555 ถนนรัชดาภิเษก แขวงดินแดง เขตดินแดง', 'กรุงเทพมหานคร', '10400'),
(16, 'somkid', 'สมคิด', 'ฉลาด', 'somkid@email.com', false, true, false, '2025-01-07 00:00:00', 'pbkdf2_sha256$1000000$2Ke79T51Wwh3p492ZJ3AaI$sML7HagBRHvVOhYFA4UIJmnBpNFiLQeVP/OOxJ+otQM=', '082-234-5678', '888 ถนนพระราม 9 แขวงห้วยขวาง เขตห้วยขวาง', 'กรุงเทพมหานคร', '10310'),
(17, 'pranee', 'ปราณี', 'เรียบร้อย', 'pranee@email.com', false, true, false, '2025-01-08 00:00:00', 'pbkdf2_sha256$1000000$2Ke79T51Wwh3p492ZJ3AaI$sML7HagBRHvVOhYFA4UIJmnBpNFiLQeVP/OOxJ+otQM=', '082-345-6789', '222 ถนนพหลโยธิน แขวงจตุจักร เขตจตุจักร', 'กรุงเทพมหานคร', '10900'),
(18, 'chart', 'ชาติ', 'รักชาติ', 'chart@email.com', false, true, false, '2025-01-09 00:00:00', 'pbkdf2_sha256$1000000$2Ke79T51Wwh3p492ZJ3AaI$sML7HagBRHvVOhYFA4UIJmnBpNFiLQeVP/OOxJ+otQM=', '082-456-7890', '777 ถนนบางนา แขวงบางนา เขตบางนา', 'กรุงเทพมหานคร', '10260'),
(19, 'anchalee', 'อัญชลี', 'สุขสันต์', 'anchalee@email.com', false, true, false, '2025-01-10 00:00:00', 'pbkdf2_sha256$1000000$2Ke79T51Wwh3p492ZJ3AaI$sML7HagBRHvVOhYFA4UIJmnBpNFiLQeVP/OOxJ+otQM=', '082-567-8901', '999 ถนนศรีนครินทร์ แขวงหนองบอน เขตประเวศ', 'กรุงเทพมหานคร', '10250'),
(20, 'thana', 'ธนา', 'มั่งคั่ง', 'thana@email.com', false, true, false, '2025-01-11 00:00:00', 'pbkdf2_sha256$1000000$2Ke79T51Wwh3p492ZJ3AaI$sML7HagBRHvVOhYFA4UIJmnBpNFiLQeVP/OOxJ+otQM=', '082-678-9012', '111 ถนนรามอินทรา แขวงท่าแร้ง เขตบางเขน', 'กรุงเทพมหานคร', '10230'),
(21, 'kannika', 'กรรณิกา', 'ดอกไม้', 'kannika@email.com', false, true, false, '2025-01-12 00:00:00', 'pbkdf2_sha256$1000000$2Ke79T51Wwh3p492ZJ3AaI$sML7HagBRHvVOhYFA4UIJmnBpNFiLQeVP/OOxJ+otQM=', '082-789-0123', '333 ถนนพระราม 2 แขวงแสมดำ เขตบางขุนเทียน', 'กรุงเทพมหานคร', '10150'),
(22, 'manager', 'ผู้จัดการ', 'ร้านหนังสือ', 'manager@bookhub.com', true, true, false, '2025-01-13 00:00:00', 'pbkdf2_sha256$1000000$2Ke79T51Wwh3p492ZJ3AaI$sML7HagBRHvVOhYFA4UIJmnBpNFiLQeVP/OOxJ+otQM=', '02-234-5678', '444 ถนนสาทร แขวงยานนาวา เขตสาทร', 'กรุงเทพมหานคร', '10120');


-- Insert Books (20 books covering various categories)
INSERT INTO book_book (id, title, image, author, publisher, publication_date, pages, language, detail, price, stock, sold, rating_average, rating_count) VALUES
(10, 'พอใจ', 'book/pojai.jpg', 'นิตยา เทวดา', 'นานมีบุ๊คส์', '2023-06-15', 320, 'ไทย', 'นวนิยายเรื่องราวความรักและความฝันของสาวน้อยในชนบท ที่เดินทางมาสู่กรุงเทพฯ เพื่อค้นหาความหมายของชีวิต', 350.00, 15, 45, 4.5, 35),
(11, 'จิตวิทยาสายดาร์ก', 'book/dark_psychology.jpg', 'ดร.สมศักดิ์ จิตเข้มแข็ง', 'สำนักพิมพ์จิตวิทยา', '2023-08-20', 280, 'ไทย', 'เข้าใจจิตใจมนุษย์ในแง่มุมที่ซ่อนเร้น การอ่านใจคน และเทคนิคการปกป้องตนเองจากการถูกใช้ประโยชน์', 420.00, 8, 62, 4.7, 48),
(12, 'Python Programming Complete', 'book/python_programming.jpg', 'John Smith', 'TechBooks Publishing', '2023-09-10', 450, 'English', 'Complete guide to Python programming from basics to advanced topics including web development, data science, and machine learning', 890.00, 12, 38, 4.8, 28),
(13, 'ธุรกิจยุคดิจิทัล', 'book/digital_business.jpg', 'ผศ.ดร.วิทยา ธุรกิจดี', 'สำนักพิมพ์ธุรกิจ', '2023-07-25', 380, 'ไทย', 'กลยุทธ์และแนวทางการทำธุรกิจในยุคดิจิทัล การตลาดออนไลน์ และการพัฒนาช่องทางการขาย', 520.00, 20, 34, 4.6, 26),
(14, 'สุขภาพดีด้วยโยคะ', 'book/yoga_health.jpg', 'อาจารย์สุขใจ แข็งแรง', 'สุขภาพดีพับลิชชิ่ง', '2023-05-30', 250, 'ไทย', 'คู่มือการฝึกโยคะเบื้องต้นสำหรับมือใหม่ ท่าโยคะเพื่อสุขภาพ และการผ่อนคลาย', 380.00, 25, 22, 4.3, 18),
(15, 'การศึกษาในศตวรรษที่ 21', 'book/education_21st.jpg', 'ศ.ดร.การศึกษา เรียนรู้', 'สำนักพิมพ์การศึกษา', '2023-04-18', 320, 'ไทย', 'แนวโน้มและการเปลี่ยนแปลงของการศึกษาในยุคใหม่ เทคโนโลยีเพื่อการศึกษา และการเรียนรู้ตลอดชีวิต', 450.00, 18, 15, 4.2, 12),
(16, 'เส้นทางสู่ความรวย', 'book/path_to_wealth.jpg', 'วรวุฒิ เงินทอง', 'สำนักพิมพ์การเงิน', '2023-10-05', 340, 'ไทย', 'หลักการบริหารเงินและการลงทุนอย่างชาญฉลาด สร้างความมั่งคั่งอย่างยั่งยืน', 480.00, 30, 56, 4.9, 42),
(17, 'JavaScript สำหรับมือใหม่', 'book/javascript_beginners.jpg', 'สมชาติ โค้ดดี', 'เทคนิคพับลิชชิ่ง', '2023-09-15', 420, 'ไทย', 'เรียนรู้ JavaScript ตั้งแต่พื้นฐานจนถึงขั้นสูง พร้อมตัวอย่างและโปรเจคจริง', 650.00, 22, 41, 4.4, 32),
(18, 'ศิลปะการเจรจาต่อรอง', 'book/negotiation_art.jpg', 'ดร.พูดเก่ง สื่อสารดี', 'การสื่อสารพับลิชชิ่ง', '2023-08-10', 290, 'ไทย', 'เทคนิคและกลยุทธ์การเจรจาต่อรองที่ได้ผล Win-Win Negotiation', 390.00, 28, 29, 4.5, 22),
(19, 'อาหารเพื่อสุขภาพ', 'book/healthy_food.jpg', 'พ่อครัววิทย์ โภชนาการดี', 'สุขภาพดีพับลิชชิ่ง', '2023-07-20', 310, 'ไทย', 'สูตรอาหารเพื่อสุขภาพ โภชนาการที่ถูกต้อง และการวางแผนมื้ออาหาร', 420.00, 35, 18, 4.1, 14),
(20, 'Data Science with Python', 'book/data_science_python.jpg', 'Dr. Sarah Johnson', 'Data Publishing', '2023-11-01', 520, 'English', 'Comprehensive guide to data science using Python, covering pandas, numpy, scikit-learn, and visualization', 950.00, 10, 25, 4.7, 19),
(21, 'ภาษาอังกฤษในชีวิตประจำวัน', 'book/daily_english.jpg', 'อาจารย์สมพร ภาษาดี', 'ภาษาศาสตร์พับลิชชิ่ง', '2023-06-25', 280, 'ไทย', 'เรียนรู้ภาษาอังกฤษเพื่อใช้ในชีวิตประจำวัน บทสนทนา และสำนวนที่ใช้บ่อย', 320.00, 40, 52, 4.4, 40),
(22, 'การตลาดดิจิทัล', 'book/digital_marketing.jpg', 'วิศรุต การตลาดดี', 'สำนักพิมพ์ธุรกิจ', '2023-10-12', 360, 'ไทย', 'กลยุทธ์การตลาดดิจิทัล SEO, SEM, Social Media Marketing และ Content Marketing', 580.00, 25, 37, 4.6, 28),
(23, 'เทคนิคการถ่ายภาพ', 'book/photography_technique.jpg', 'ช่างภาพมือโปร', 'ศิลปะพับลิชชิ่ง', '2023-05-15', 340, 'ไทย', 'เทคนิคการถ่ายภาพสำหรับมือใหม่และมืออาชีพ องค์ประกอบภาพ แสงเงา และการตกแต่ง', 720.00, 15, 21, 4.3, 16),
(24, 'พัฒนาเว็บด้วย React', 'book/react_development.jpg', 'วิศวกรซอฟต์แวร์', 'เทคนิคพับลิชชิ่ง', '2023-11-20', 480, 'ไทย', 'สร้างเว็บแอปพลิเคชันด้วย React, Redux, และ React Hooks พร้อมโปรเจคจริง', 780.00, 18, 33, 4.8, 25),
(25, 'จิตวิทยาเด็ก', 'book/child_psychology.jpg', 'ดร.รักลูก เข้าใจเด็ก', 'สำนักพิมพ์จิตวิทยา', '2023-08-05', 300, 'ไทย', 'เข้าใจพัฒนาการและจิตใจของเด็ก การเลี้ยงดูที่เหมาะสม', 440.00, 32, 27, 4.5, 21),
(26, 'Machine Learning พื้นฐาน', 'book/ml_basics.jpg', 'ผศ.ดร.เทคโนโลยี ปัญญาประดิษฐ์', 'AI Publishing', '2023-12-01', 550, 'ไทย', 'หลักการเรียนรู้ของเครื่อง อัลกอริทึม และการประยุกต์ใช้งานจริง', 890.00, 12, 19, 4.6, 14),
(27, 'ความสุขในการทำงาน', 'book/work_happiness.jpg', 'คุณสุข ทำงานมีความสุข', 'การพัฒนาตนเองพับลิชชิ่ง', '2023-07-08', 260, 'ไทย', 'หาความสมดุลระหว่างชีวิตและการทำงาน สร้างความสุขในที่ทำงาน', 360.00, 45, 31, 4.4, 24),
(28, 'เส้นทางสู่ Startup', 'book/startup_path.jpg', 'ผู้ประกอบการรุ่นใหม่', 'สำนักพิมพ์ธุรกิจ', '2023-09-28', 380, 'ไทย', 'คู่มือการสร้าง Startup ตั้งแต่ไอเดีย การหาทุน จนถึงการขยายธุรกิจ', 550.00, 20, 24, 4.7, 18),
(29, 'วรรณคดีไทย', 'book/thai_literature.jpg', 'ศาสตราจารย์วรรณคดี', 'วรรณกรรมพับลิชชิ่ง', '2023-04-10', 420, 'ไทย', 'ประวัติและวิเคราะห์วรรณคดีไทยสำคัญ เข้าใจรากเหง้าวัฒนธรรมไทย', 480.00, 25, 16, 4.2, 12);


-- Insert Book Categories (15 categories)
INSERT INTO book_bookcategory (id, category_name, description) VALUES
(10, 'นวนิยาย', 'หนังสือนวนิยายแนวต่างๆ ทั้งไทยและแปล รวมถึงนวนิยายรัก ดราม่า ระทึกขวัญ'),
(11, 'การพัฒนาตนเอง', 'หนังสือเพื่อการพัฒนาและเสริมสร้างตัวเอง จิตวิทยา และแรงบันดาลใจ'),
(12, 'เทคโนโลยี', 'หนังสือเกี่ยวกับเทคโนโลยีและการเขียนโปรแกรม คอมพิวเตอร์ และนวัตกรรม'),
(13, 'ธุรกิจ', 'หนังสือเกี่ยวกับการทำธุรกิจและการลงทุน การเงิน และการตลาด'),
(14, 'สุขภาพ', 'หนังสือเกี่ยวกับการดูแลสุขภาพและการออกกำลังกาย โภชนาการ และการใช้ชีวิต'),
(15, 'การศึกษา', 'หนังสือสำหรับการศึกษาและการเรียนรู้ วิชาการ และการสอน'),
(16, 'การเงิน', 'หนังสือเกี่ยวกับการบริหารเงิน การลงทุน และการวางแผนทางการเงิน'),
(17, 'การตลาด', 'หนังสือเกี่ยวกับการตลาดและการขาย กลยุทธ์ทางการตลาด และการสื่อสาร'),
(18, 'ภาษา', 'หนังสือสอนภาษาต่างประเทศ ไวยากรณ์ และการสื่อสาร'),
(19, 'ศิลปะ', 'หนังสือเกี่ยวกับศิลปะ การถ่ายภาพ การวาดภาพ และความคิดสร้างสรรค์'),
(20, 'เด็กและเยาวชน', 'หนังสือสำหรับเด็กและเยาวชน นิทาน และหนังสือภาพ'),
(21, 'วิทยาศาสตร์', 'หนังสือวิทยาศาสตร์ วิจัย และการค้นพบใหม่'),
(22, 'ประวัติศาสตร์', 'หนังสือประวัติศาสตร์ ชีวประวัติ และเหตุการณ์สำคัญ'),
(23, 'วัฒนธรรม', 'หนังสือเกี่ยวกับวัฒนธรรม ขนบธรรมเนียม และวรรณกรรม'),
(24, 'ไลฟ์สไตล์', 'หนังสือไลฟ์สไตล์ การตแต่งบ้าน แฟชั่น และการใช้ชีวิต');


-- Insert Book Categories Relationships (Many-to-Many) - 30+ relationships
INSERT INTO book_book_categories (id, book_id, bookcategory_id) VALUES
(10, 10, 10), -- พอใจ -> นวนิยาย
(11, 11, 11), -- จิตวิทยาสายดาร์ก -> การพัฒนาตนเอง
(12, 12, 12), -- Python Programming -> เทคโนโลยี
(13, 13, 13), -- ธุรกิจยุคดิจิทัล -> ธุรกิจ
(14, 13, 12), -- ธุรกิจยุคดิจิทัล -> เทคโนโลยี
(15, 14, 14), -- สุขภาพดีด้วยโยคะ -> สุขภาพ
(16, 15, 15), -- การศึกษาในศตวรรษที่ 21 -> การศึกษา
(17, 16, 16), -- เส้นทางสู่ความรวย -> การเงิน
(18, 16, 13), -- เส้นทางสู่ความรวย -> ธุรกิจ
(19, 17, 12), -- JavaScript สำหรับมือใหม่ -> เทคโนโลยี
(20, 18, 13), -- ศิลปะการเจรจาต่อรอง -> ธุรกิจ
(21, 18, 11), -- ศิลปะการเจรจาต่อรอง -> การพัฒนาตนเอง
(22, 19, 14), -- อาหารเพื่อสุขภาพ -> สุขภาพ
(23, 19, 24), -- อาหารเพื่อสุขภาพ -> ไลฟ์สไตล์
(24, 20, 12), -- Data Science with Python -> เทคโนโลยี
(25, 20, 21), -- Data Science with Python -> วิทยาศาสตร์
(26, 21, 18), -- ภาษาอังกฤษในชีวิตประจำวัน -> ภาษา
(27, 22, 17), -- การตลาดดิจิทัล -> การตลาด
(28, 22, 12), -- การตลาดดิจิทัล -> เทคโนโลยี
(29, 23, 19), -- เทคนิคการถ่ายภาพ -> ศิลปะ
(30, 24, 12), -- พัฒนาเว็บด้วย React -> เทคโนโลยี
(31, 25, 11), -- จิตวิทยาเด็ก -> การพัฒนาตนเอง
(32, 25, 20), -- จิตวิทยาเด็ก -> เด็กและเยาวชน
(33, 26, 12), -- Machine Learning พื้นฐาน -> เทคโนโลยี
(34, 26, 21), -- Machine Learning พื้นฐาน -> วิทยาศาสตร์
(35, 27, 11), -- ความสุขในการทำงาน -> การพัฒนาตนเอง
(36, 27, 24), -- ความสุขในการทำงาน -> ไลฟ์สไตล์
(37, 28, 13), -- เส้นทางสู่ Startup -> ธุรกิจ
(38, 28, 16), -- เส้นทางสู่ Startup -> การเงิน
(39, 29, 23), -- วรรณคดีไทย -> วัฒนธรรม
(40, 29, 22); -- วรรณคดีไทย -> ประวัติศาสตร์


-- Insert Carts (15 cart items - mix of in_cart and notin_cart)
INSERT INTO book_cart (id, user_id, book_id, quantity, price, total_price, status) VALUES
-- Active carts (in_cart)
(10, 12, 13, 1, 520.00, 520.00, 'in_cart'), -- สุดา กำลังเลือกซื้อ ธุรกิจยุคดิจิทัล
(11, 12, 14, 2, 380.00, 760.00, 'in_cart'), -- สุดา กำลังเลือกซื้อ สุขภาพดีด้วยโยคะ x2
(12, 13, 15, 1, 450.00, 450.00, 'in_cart'), -- นิรันดร์ กำลังเลือกซื้อ การศึกษาในศตวรรษที่ 21
(13, 15, 17, 1, 650.00, 650.00, 'in_cart'), -- วนิดา กำลังเลือกซื้อ JavaScript
(14, 16, 20, 1, 950.00, 950.00, 'in_cart'), -- สมคิด กำลังเลือกซื้อ Data Science
(15, 17, 21, 2, 320.00, 640.00, 'in_cart'), -- ปราณี กำลังเลือกซื้อ ภาษาอังกฤษ x2
(16, 18, 16, 1, 480.00, 480.00, 'in_cart'), -- ชาติ กำลังเลือกซื้อ เส้นทางสู่ความรวย
-- Completed carts (notin_cart - already ordered)
(17, 11, 10, 2, 350.00, 700.00, 'notin_cart'), -- สมชาย ซื้อ พอใจ x2 แล้ว
(18, 12, 11, 1, 420.00, 420.00, 'notin_cart'), -- สุดา ซื้อ จิตวิทยาสายดาร์ก แล้ว
(19, 13, 12, 1, 890.00, 890.00, 'notin_cart'), -- นิรันดร์ ซื้อ Python Programming แล้ว
(20, 14, 22, 1, 580.00, 580.00, 'notin_cart'), -- มานะ ซื้อ การตลาดดิจิทัล แล้ว
(21, 15, 11, 1, 420.00, 420.00, 'notin_cart'), -- วนิดา ซื้อ จิตวิทยาสายดาร์ก แล้ว
(22, 16, 16, 2, 480.00, 960.00, 'notin_cart'), -- สมคิด ซื้อ เส้นทางสู่ความรวย x2 แล้ว
(23, 17, 19, 1, 420.00, 420.00, 'notin_cart'), -- ปราณี ซื้อ อาหารเพื่อสุขภาพ แล้ว
(24, 18, 24, 1, 780.00, 780.00, 'notin_cart'), -- ชาติ ซื้อ พัฒนาเว็บด้วย React แล้ว
(25, 19, 10, 1, 350.00, 350.00, 'notin_cart'), -- อัญชลี ซื้อ พอใจ แล้ว
(26, 20, 26, 1, 890.00, 890.00, 'notin_cart'), -- ธนา ซื้อ Machine Learning แล้ว
(27, 21, 27, 1, 360.00, 360.00, 'notin_cart'), -- กรรณิกา ซื้อ ความสุขในการทำงาน แล้ว
(28, 11, 28, 1, 550.00, 550.00, 'notin_cart'), -- สมชาย ซื้อ เส้นทางสู่ Startup แล้ว
(29, 12, 29, 1, 480.00, 480.00, 'notin_cart'); -- สุดา ซื้อ วรรณคดีไทย แล้ว


-- Insert Orders (15 orders with various statuses)
INSERT INTO book_order (id, user_id, cart_id, order_date, total_amount, status) VALUES
-- Delivered orders
(10, 11, 17, '2024-12-15 10:30:00', 700.00, 'delivered'), -- สมชาย สั่งซื้อ พอใจ x2
(11, 15, 21, '2024-12-20 14:20:00', 420.00, 'delivered'), -- วนิดา สั่งซื้อ จิตวิทยาสายดาร์ก
(12, 19, 25, '2024-12-25 09:15:00', 350.00, 'delivered'), -- อัญชลี สั่งซื้อ พอใจ
(13, 21, 27, '2024-12-28 16:45:00', 360.00, 'delivered'), -- กรรณิกา สั่งซื้อ ความสุขในการทำงาน
-- Shipped orders (กำลังจัดส่ง)
(14, 12, 18, '2025-01-08 14:20:00', 420.00, 'shipped'), -- สุดา สั่งซื้อ จิตวิทยาสายดาร์ก
(15, 18, 24, '2025-01-09 11:30:00', 780.00, 'shipped'), -- ชาติ สั่งซื้อ พัฒนาเว็บด้วย React
(16, 12, 29, '2025-01-10 15:45:00', 480.00, 'shipped'), -- สุดา สั่งซื้อ วรรณคดีไทย
-- Processing orders (กำลังเตรียมสินค้า)
(17, 13, 19, '2025-01-11 09:15:00', 890.00, 'processing'), -- นิรันดร์ สั่งซื้อ Python Programming
(18, 17, 23, '2025-01-11 13:20:00', 420.00, 'processing'), -- ปราณี สั่งซื้อ อาหารเพื่อสุขภาพ
(19, 20, 26, '2025-01-12 10:00:00', 890.00, 'processing'), -- ธนา สั่งซื้อ Machine Learning
-- Paid orders (ชำระเงินแล้ว รอเตรียมสินค้า)
(20, 14, 20, '2025-01-12 16:45:00', 580.00, 'paid'), -- มานะ สั่งซื้อ การตลาดดิจิทัล
(21, 16, 22, '2025-01-13 08:30:00', 960.00, 'paid'), -- สมคิด สั่งซื้อ เส้นทางสู่ความรวย x2
(22, 11, 28, '2025-01-13 14:15:00', 550.00, 'paid'), -- สมชาย สั่งซื้อ เส้นทางสู่ Startup
-- Unpaid orders (ยังไม่ชำระเงิน)
(23, 19, 25, '2025-01-14 11:00:00', 350.00, 'unpaid'), -- อัญชลี สั่งซื้อซ้ำ ยังไม่ชำระ
-- Cancelled orders
(24, 21, 27, '2025-01-13 10:30:00', 360.00, 'cancelled'); -- กรรณิกา ยกเลิกคำสั่งซื้อ


-- Insert Payments (15 payments matching orders)
INSERT INTO book_payment (id, order_id, payment_slip, payment_date, method, amount, status, verified_date) VALUES
-- Approved payments (delivered orders)
(10, 10, 'payment/slip_001.jpg', '2024-12-15 10:35:00', 'promptpay', 700.00, 'approved', '2024-12-15 11:00:00'),
(11, 11, 'payment/slip_002.jpg', '2024-12-20 14:25:00', 'bank', 420.00, 'approved', '2024-12-20 15:00:00'),
(12, 12, 'payment/slip_003.jpg', '2024-12-25 09:20:00', 'promptpay', 350.00, 'approved', '2024-12-25 10:00:00'),
(13, 13, 'payment/slip_004.jpg', '2024-12-28 16:50:00', 'bank', 360.00, 'approved', '2024-12-28 17:30:00'),
-- Approved payments (shipped orders)
(14, 14, 'payment/slip_005.jpg', '2025-01-08 14:25:00', 'promptpay', 420.00, 'approved', '2025-01-08 15:00:00'),
(15, 15, 'payment/slip_006.jpg', '2025-01-09 11:35:00', 'bank', 780.00, 'approved', '2025-01-09 12:00:00'),
(16, 16, 'payment/slip_007.jpg', '2025-01-10 15:50:00', 'promptpay', 480.00, 'approved', '2025-01-10 16:15:00'),
-- Approved payments (processing orders)
(17, 17, 'payment/slip_008.jpg', '2025-01-11 09:20:00', 'bank', 890.00, 'approved', '2025-01-11 10:00:00'),
(18, 18, 'payment/slip_009.jpg', '2025-01-11 13:25:00', 'promptpay', 420.00, 'approved', '2025-01-11 14:00:00'),
(19, 19, 'payment/slip_010.jpg', '2025-01-12 10:05:00', 'bank', 890.00, 'approved', '2025-01-12 11:00:00'),
-- Pending payments (paid orders - waiting verification)
(20, 20, 'payment/slip_011.jpg', '2025-01-12 16:50:00', 'promptpay', 580.00, 'pending', NULL),
(21, 21, 'payment/slip_012.jpg', '2025-01-13 08:35:00', 'bank', 960.00, 'pending', NULL),
(22, 22, 'payment/slip_013.jpg', '2025-01-13 14:20:00', 'promptpay', 550.00, 'pending', NULL),
-- Pending payment (unpaid order - cash on delivery)
(23, 23, NULL, '2025-01-14 11:00:00', 'cash', 350.00, 'pending', NULL),
-- Rejected payment (cancelled order)
(24, 24, 'payment/slip_014.jpg', '2025-01-13 10:35:00', 'bank', 360.00, 'rejected', '2025-01-13 11:00:00');


-- Insert Reviews (20 reviews from various users)
INSERT INTO book_review (id, user_id, book_id, rating, comment, created_date) VALUES
(10, 11, 10, 5, 'หนังสือดีมาก เนื้อเรื่องน่าติดตาม อ่านแล้วซาบซึ้งใจ แนะนำเลยค่ะ', '2024-12-17 08:00:00'),
(11, 12, 11, 5, 'เนื้อหาลึกซึ้งมาก ได้ความรู้เยอะ แนะนำให้คนที่สนใจจิตวิทยา', '2024-12-22 18:30:00'),
(12, 13, 12, 5, 'Perfect book for Python beginners and advanced users. Very comprehensive!', '2025-01-12 20:15:00'),
(13, 11, 11, 4, 'อ่านเพิ่มเติมนอกเหนือจากที่สั่งซื้อ เนื้อหาดีจริง มีประโยชน์', '2024-12-18 14:20:00'),
(14, 14, 22, 5, 'หนังสือการตลาดที่ดีมาก เข้าใจง่าย มีประโยชน์สำหรับผู้ประกอบการ', '2025-01-13 16:45:00'),
(15, 15, 11, 5, 'จิตวิทยาสายดาร์กอธิบายได้ชัดเจน น่าสนใจมาก อ่านแล้วเข้าใจคนมากขึ้น', '2024-12-23 10:30:00'),
(16, 16, 16, 5, 'เส้นทางสู่ความรวย เปลี่ยนมุมมองการเงินของผมเลย แนะนำมากครับ', '2025-01-14 09:15:00'),
(17, 17, 19, 4, 'สูตรอาหารทำตามได้จริง อร่อยและดีต่อสุขภาพ', '2025-01-12 15:20:00'),
(18, 18, 24, 5, 'React book ที่ดีที่สุดเล่มหนึ่ง อธิบายละเอียด ตัวอย่างชัดเจน', '2025-01-10 11:45:00'),
(19, 19, 10, 4, 'นวนิยายพอใจ อ่านสนุก เนื้อเรื่องดี แต่จบเร็วไปหน่อย', '2024-12-27 14:00:00'),
(20, 20, 26, 5, 'Machine Learning for beginners ที่ดีมาก เข้าใจง่าย มีตัวอย่างเยอะ', '2025-01-13 16:30:00'),
(21, 21, 27, 4, 'ความสุขในการทำงาน ทำให้เข้าใจตัวเองมากขึ้น', '2024-12-30 10:00:00'),
(22, 11, 28, 5, 'เส้นทางสู่ Startup บอกทุกขั้นตอนละเอียดมาก เหมาะกับคนเริ่มต้น', '2025-01-14 13:20:00'),
(23, 12, 10, 5, 'อ่านนวนิยายพอใจแล้วชอบมาก ซื้อซ้ำไปให้เพื่อนอีกเล่ม', '2024-12-16 16:00:00'),
(24, 13, 17, 4, 'JavaScript สำหรับมือใหม่ อธิบายได้ดี เหมาะกับคนเริ่มต้น', '2024-12-10 09:30:00'),
(25, 14, 13, 5, 'ธุรกิจยุคดิจิทัล ทันสมัย มีกลยุทธ์ที่นำไปใช้ได้จริง', '2024-12-08 14:45:00'),
(26, 15, 21, 5, 'ภาษาอังกฤษในชีวิตประจำวัน ใช้งานได้จริง ฝึกได้ทุกวัน', '2024-12-05 11:20:00'),
(27, 16, 10, 4, 'นวนิยายที่อ่านแล้วอินมาก เนื้อหาดี แต่อยากให้มีภาคต่อ', '2024-12-12 15:30:00'),
(28, 17, 14, 5, 'โยคะเพื่อสุขภาพ ท่าไม่ยาก ทำตามได้ รู้สึกผลจริงๆ', '2024-12-20 08:45:00'),
(29, 18, 20, 5, 'Data Science with Python - Best book ever! Highly recommended for data scientists', '2024-12-15 19:00:00');
